"name","flight_dt"
"John Hayes","2021-08-04"
"Mohammar Jahan","2021-08-05"
"Natasha Kerensky","2021-08-06"
"Lynn Sheridan","2021-08-07"
"John Hayes","2021-08-08"
"Miklos Deliustest","2021-08-08"
"Miklos Deliustest","2021-08-10"
"Colin Maclaren","2021-08-12"
"Natasha Kerensky","2021-08-13"
"Lynn Sheridan","2021-08-17"
"Natasha Kerensky","2021-08-18"
"Natasha Kerensky","2021-08-19"
"John Hayes","2021-08-20"
"John Hayes","2021-08-20"
"John Hayes","2021-08-20"
"John Hayes","2021-08-20"
"John Hayes","2021-08-20"
"Colin Maclaren","2021-08-22"
"Colin Maclaren","2021-08-22"
"Colin Maclaren","2021-08-22"
"Colin Maclaren","2021-08-22"
"Colin Maclaren","2021-08-22"
"Natasha Kerensky","2021-08-23"
"Piet Nichols","2021-08-23"
"Natasha Kerensky","2021-08-23"
"Natasha Kerensky","2021-08-23"
"Natasha Kerensky","2021-08-23"
"Natasha Kerensky","2021-08-23"
"Mohammar Jahan","2021-08-25"
"Mohammar Jahan","2021-08-25"
"Mohammar Jahan","2021-08-25"
"Mohammar Jahan","2021-08-25"
"Mohammar Jahan","2021-08-25"
"Natasha Kerensky","2021-08-26"
"Natasha Kerensky","2021-08-26"
"Natasha Kerensky","2021-08-26"
"Natasha Kerensky","2021-08-26"
"Natasha Kerensky","2021-08-26"
"Lynn Sheridan","2021-08-27"
"Lynn Sheridan","2021-08-27"
"Lynn Sheridan","2021-08-27"
"Lynn Sheridan","2021-08-27"
"Lynn Sheridan","2021-08-27"
"Lynn Sheridan","2021-08-27"
"Lynn Sheridan","2021-08-27"
"Lynn Sheridan","2021-08-27"
"Lynn Sheridan","2021-08-27"
"Lynn Sheridan","2021-08-27"
"Natasha Kerensky","2021-08-28"
"John Hayes","2021-08-28"
"Natasha Kerensky","2021-08-28"
"John Hayes","2021-08-28"
"Natasha Kerensky","2021-08-28"
"Natasha Kerensky","2021-08-28"
"John Hayes","2021-08-28"
"Natasha Kerensky","2021-08-28"
"John Hayes","2021-08-28"
"John Hayes","2021-08-28"
"Natasha Kerensky","2021-08-29"
"Natasha Kerensky","2021-08-29"
"Natasha Kerensky","2021-08-29"
"Natasha Kerensky","2021-08-29"
"Natasha Kerensky","2021-08-29"
"Miklos Deliustest","2021-08-30"
"Miklos Deliustest","2021-08-30"
"Miklos Deliustest","2021-08-30"
"Miklos Deliustest","2021-08-30"
"Miklos Deliustest","2021-08-30"
